Популярные запросы,Kлики,Показы,CTR,Позиция
webasto remont,94,783,12.01%,5.69
mr car,60,466,12.88%,2.28
mrcar,37,115,32.17%,3.38
webasto remont tallinn,26,249,10.44%,3.86
webasto diagnostika,19,104,18.27%,3.96
webasto hooldus,11,125,8.8%,5.03
autoremont tallinn,8,903,0.89%,8.76
autoremont,5,802,0.62%,13.36
webasto tallinn,5,85,5.88%,8.95
webasto ei hakka tööle,5,10,50%,5.1
установка webasto в таллинне,4,101,3.96%,7.72
ремонт вебасто в таллинне,4,40,10%,3.98
automaatkäigukasti remont,3,20,15%,27.3
mootori remont tallinnas,2,49,4.08%,20.78
kuidas webasto töötab,2,40,5%,10
webasto ei käivitu,2,29,6.9%,2.1
ремонт вебасто,2,17,11.76%,5.94
webasto aju remont,2,13,15.38%,5.54
mister car,2,7,28.57%,1.71
mr. car,2,6,33.33%,1
autoremont tallinnas,1,402,0.25%,7.84
mr,1,272,0.37%,5.83
autoteenindus tallinnas,1,272,0.37%,12.72
webasto hooldus tallinn,1,33,3.03%,1.64
mootori remont tallinn,1,23,4.35%,11.17
webasto ei tööta,1,21,4.76%,1.19
ремонт webasto,1,21,4.76%,4.9
mr.car,1,21,4.76%,7.38
mootori kapitaalremont hind,1,20,5%,10.85
mootori remont,1,20,5%,29.4
autoremonditöökoda tallinnas,1,15,6.67%,8.4
kopli 82a,1,11,9.09%,2.55
автомастерская таллинн,1,11,9.09%,12.91
webasto kontroll,1,5,20%,2.2
mr car service,1,3,33.33%,2.67
mr kar,1,2,50%,1.5
ford kuga webasto ei toimi,1,2,50%,3.5
rehvivahetus põhja tallinnas,1,2,50%,5.5
sprinter webasto ei toimi,1,1,100%,9
шиномонтаж таллинн,0,245,0%,31.12
site:http://mrcar.ee/,0,168,0%,1
авторемонт,0,165,0%,22.29
kopli autoteenindus,0,150,0%,6.77
autoelektrik tallinnas,0,107,0%,30.93
шиномонтаж в таллинне,0,105,0%,18.67
шиномонтаж таллинн цены,0,103,0%,32.57
car,0,99,0%,30.22
ремонт автомобилей рядом,0,97,0%,27.63
diagnostika tallinnas,0,88,0%,17.33
ремонт автомобилей,0,86,0%,46.53
autoteenindus tallinn,0,73,0%,11.55
auto tallinn,0,72,0%,75.46
auto remont,0,69,0%,20.81
ремонт автомобиля,0,67,0%,57.45
mr.car autoremont tallinn,0,59,0%,1.37
käigukasti remont,0,52,0%,25.19
autoremont kopli,0,47,0%,4.19
ремонт и обслуживание авто,0,45,0%,82.8
autode remont,0,43,0%,89.98
авторемонт таллинн,0,40,0%,21.57
mr.,0,38,0%,4.32
autohooldus tallinn,0,35,0%,12.17
rehvivahetus tallinnas,0,34,0%,73.82
paisupaagi vahetus tallinnas,0,32,0%,18.69
rehviparandus tallinnas,0,31,0%,70.39
mootori diagnostika,0,29,0%,8.14
автосервис таллинн,0,29,0%,16.28
дворник таллинн,0,29,0%,38.45
сервис автомобилей,0,28,0%,27.39
manuaalkäigukasti remont,0,25,0%,11.04
auto remont tallinn,0,23,0%,9.3
ремонт авто таллинн,0,23,0%,11.87
dsg käigukasti remont,0,22,0%,6.82
автосервис,0,22,0%,20.5
mr auto,0,22,0%,39.55
шиномонтаж таллинн ласнамяэ,0,20,0%,58.55
anet eesti oü,0,15,0%,5.93
m.r,0,14,0%,3
mootori remont ja vahetus,0,14,0%,19.43
autodiagnostika tallinn,0,14,0%,88.07
car service near me,0,13,0%,48.23
webasto remont kopli,0,12,0%,1.25
автосервис 24 часа таллинн,0,12,0%,13.42
auto elektritööd tallinnas,0,12,0%,17.67
autoteenindus kopli,0,11,0%,9.55
шиномонтаж,0,11,0%,26.45
summuti remont,0,11,0%,51.27
rehvivahetus tallinn hind,0,10,0%,85.8
webasto hooldus kopli,0,9,0%,1.11
meistri autokoda,0,9,0%,9.56
сто таллинн,0,9,0%,10.89
autoremont tallinnas 24h,0,9,0%,13.56
mootori vahetus tallinnas,0,9,0%,23
autodiagnostika tallinnas,0,9,0%,70.33
rehvivahetus kopli,0,8,0%,2.12
auto ei käivitu tallinn,0,8,0%,64.5
autoremonditöökoda,0,8,0%,67
mr.car | autoremont tallinnas отзывы,0,7,0%,3.57
silindripea,0,7,0%,9.71
mootori kapitaalremont,0,7,0%,20.29
radiaatori termostaadi vahetamine tallinnas,0,5,0%,49
ketivahetus,0,5,0%,54.4
car service tallinn,0,5,0%,58.4
hammasrihma kontroll,0,5,0%,67.8
auto mr,0,4,0%,4.75
обслуживание webasto,0,4,0%,4.75
käigukastide remont,0,4,0%,31.75
car repairs,0,4,0%,32.5
автоэлектрик таллинн,0,3,0%,3.33
диагностика webasto,0,3,0%,3.67
manuaal käigukasti remont,0,3,0%,6.67
car auto,0,3,0%,7.67
автосервіс поблизу,0,3,0%,11
авто ремонт рядом,0,3,0%,13
автосервис в таллинне,0,3,0%,15.67
автомастерские в таллинне,0,3,0%,18
ремонт машин,0,3,0%,22.33
diagnostika webasto,0,3,0%,23.67
vw passat piduriketaste hooldus,0,3,0%,42.67
silla reguleerimine tallinn,0,3,0%,88.33
m.r cars,0,2,0%,1
mr cars,0,2,0%,1
rehvivahetus,0,2,0%,1
автосервис ласнамяэ,0,2,0%,1
диагностика автомобиля таллинн,0,2,0%,1
auto diagnostika tallinn,0,2,0%,2
autohaus mister car,0,2,0%,2
mr car detailing,0,2,0%,2
диагностика вебасто,0,2,0%,4.5
mr. car wash,0,2,0%,6
webasto kas tai,0,2,0%,6
autoremont minu lähedal,0,2,0%,6.5
webasto parandus,0,2,0%,8
car remont,0,2,0%,8.5
mr',0,2,0%,9
автосер,0,2,0%,9.5
automaatkasti remont,0,2,0%,10
pidurite remont,0,2,0%,16.5
odav autoremont tallinnas,0,2,0%,25.5
mr.auto,0,2,0%,26
mobile car repairs,0,2,0%,32
webasto paigaldus pärnus,0,2,0%,35
radiaatori vahetus tallinnas,0,2,0%,35.5
webasto ei toimi,0,2,0%,40.5
ремонт авто,0,2,0%,50
auto tallinn oü,0,2,0%,51.5
mootoriõli vahetus tallinnas,0,2,0%,74.5
remont auto,0,2,0%,78
auto car,0,2,0%,80
sildade reguleerimine tallinn,0,2,0%,91.5
auto keretööd tallinnas,0,2,0%,95
auto naprawa,0,1,0%,1
auto repair shop tallinn,0,1,0%,1
autocrew,0,1,0%,1
autoteenindus,0,1,0%,1
car clinic,0,1,0%,1
m car service,0,1,0%,1
m-r,0,1,0%,1
mercedes remont tallinn,0,1,0%,1
mr auto service,0,1,0%,1
mr cara,0,1,0%,1
mr transmission,0,1,0%,1
mrk auto,0,1,0%,1
sillastend tallinnas,0,1,0%,1
summutite remont,0,1,0%,1
wheel balancing near me,0,1,0%,1
õlivahetus,0,1,0%,1
автомастерская,0,1,0%,1
ремонт электродвигателя,0,1,0%,1
сто,0,1,0%,1
техобслуживание автомобиля,0,1,0%,1
шиномонтаж ласнамяэ,0,1,0%,1
car ambient lighting installation near me,0,1,0%,2
mend a car,0,1,0%,2
mercedes-benz repair shop near me,0,1,0%,2
mr .,0,1,0%,2
mr ca,0,1,0%,2
mr var,0,1,0%,2
tehnoülevaatus tallinn,0,1,0%,2
webasto ремонт,0,1,0%,2
õlivahetus express,0,1,0%,2
сто автосервис,0,1,0%,2
техобслуживание,0,1,0%,2
master car,0,1,0%,3
mootoriõli vahetus,0,1,0%,3
mr car auto,0,1,0%,3
ремонт коробки передач в таллинне,0,1,0%,3
car ac recharge,0,1,0%,4
mr.car (mr.car) latest,0,1,0%,4
mart car,0,1,0%,5
webasto обслуживание,0,1,0%,5
в таллинне,0,1,0%,5
вибростенд для диагностики подвески,0,1,0%,5
замена масла таллинн,0,1,0%,5
сar,0,1,0%,5
mr ..,0,1,0%,6
ремонт автономки webasto,0,1,0%,6
"mr,",0,1,0%,7
вебасто,0,1,0%,7
обслуживание вебасто,0,1,0%,7
ремонт вебаст,0,1,0%,7
auto webasto,0,1,0%,8
c.a.r,0,1,0%,8
car salon,0,1,0%,8
m r,0,1,0%,8
m...r,0,1,0%,8
вебасто ремонт,0,1,0%,8
мистер кар,0,1,0%,8
сервис таллинн,0,1,0%,8
wheel alignment laser,0,1,0%,9
авторемонт рядом,0,1,0%,9
вибаста,0,1,0%,9
kere remont,0,1,0%,10
kütuse hind,0,1,0%,10
ремонт отопителей webasto,0,1,0%,10
msr car,0,1,0%,11
webasto kontakt,0,1,0%,11
авто мастер,0,1,0%,11
шиномонтаж таллинн 24/7,0,1,0%,12
service car,0,1,0%,13
battery change,0,1,0%,14
car shops near me,0,1,0%,14
cheap car repairs,0,1,0%,15
summuti remont tallinn,0,1,0%,15
webasto remont tartus,0,1,0%,22
webasto remont tartu,0,1,0%,24
сход развал таллинн,0,1,0%,24
webasto paigaldus hind,0,1,0%,27
авто сервис,0,1,0%,28
webasto remont pärnus,0,1,0%,30
käigukasti remont hind,0,1,0%,33
repair car,0,1,0%,38
car repair,0,1,0%,41
eberspächer remont,0,1,0%,45
webasto paigaldus,0,1,0%,45
car ee,0,1,0%,48
car bodywork,0,1,0%,52
замена цепи грм таллинн цена,0,1,0%,52
авто центр,0,1,0%,53
webasto eesti,0,1,0%,57
машина ремонт,0,1,0%,59
automaatkäigukastide remont,0,1,0%,64
авторемонтная мастерская,0,1,0%,68
kliima täitmine,0,1,0%,71
ремонт машини,0,1,0%,77
rehvivahetuse hinnad tallinnas,0,1,0%,83
car car,0,1,0%,90
car automotive,0,1,0%,96